peril_id,coverage_type,constructioncode,attribute2,attribute2_id
QEQ,1,5150,CR,1
QEQ,3,5150,CR,1
QEQ,1,5109,MCF,2
QEQ,3,5109,MCF,2
QEQ,1,5105,MR,3
QEQ,3,5105,MR,3
QEQ,1,5101,MUR+ADO,4
QEQ,3,5101,MUR+ADO,4
QEQ,1,5102,MUR+STRUB,5
QEQ,3,5102,MUR+STRUB,5
QEQ,1,5200,S,6
QEQ,3,5200,S,6
QEQ,1,5050,W,7
QEQ,3,5050,W,7
QEQ,1,5208,SRC,8
QEQ,3,5208,SRC,8
QEQ,1,5100,MUR+STDRE,9
QEQ,3,5100,MUR+STDRE,9
QEQ,1,5103,MUR,10
QEQ,3,5103,MUR,10
QEQ,1,5000,INF,11
QEQ,3,5000,INF,11
QEQ,1,5000,EU,12
QEQ,3,5000,EU,12
QEQ,1,5100,MUR+CBH,13
QEQ,3,5100,MUR+CBH,13
QEQ,1,5100,MUR+CLBRH,14
QEQ,3,5100,MUR+CLBRH,14
QEQ,1,5100,MUR+CLBRS,15
QEQ,3,5100,MUR+CLBRS,15
QEQ,1,5109,S+MCF,16
QEQ,3,5109,S+MCF,16
QEQ,1,5050,W+WBB,17
QEQ,3,5050,W+WBB,17
QEQ,1,5050,W+WWD,18
QEQ,3,5050,W+WWD,18